{"train_loss": 1.0946872234344482, "val_loss": 1.1441574096679688, "train_depth_loss": 0.22344154119491577, "val_depth_loss": 0.2088334709405899, "train_intersection_loss": 0.44629430770874023, "val_intersection_loss": 0.48714959621429443, "_runtime": 313, "_timestamp": 1645596140, "_step": 13, "train_dfr_loss": 0.42201119661331177, "val_dfr_loss": 0.4477289319038391, "train_cr_loss": 0.0029400684870779514, "val_cr_loss": 0.00044535825145430863, "_wandb": {"runtime": 311}}