{"train_loss": 1.5705691576004028, "_runtime": 338, "_timestamp": 1645594561, "_step": 69, "val_loss": 1.679897427558899, "train_depth_loss": 0.2563784122467041, "val_depth_loss": 0.27860334515571594, "train_intersection_loss": 0.563328206539154, "val_intersection_loss": 0.578805685043335, "train_dfr_loss": 0.7489737868309021, "val_dfr_loss": 0.8223391175270081, "train_cr_loss": 0.00188865652307868, "val_cr_loss": 0.0001494268944952637, "_wandb": {"runtime": 335}}