{
	"class_name" : "PinholeCameraParameters",
	"extrinsic" : 
	[
		0.99657525471315567,
		-0.042925567656443939,
		-0.070676427009158521,
		0.0,
		-0.061001292847052774,
		-0.95867170179340822,
		-0.27789820159820905,
		0.0,
		-0.055826552503239563,
		0.28125782446343206,
		-0.95800701052429693,
		0.0,
		0.99499637291752407,
		-0.042124878706861768,
		2.8828821472534152,
		1.0
	],
	"intrinsic" : 
	{
		"height" : 929,
		"intrinsic_matrix" : 
		[
			804.53760011574354,
			0.0,
			0.0,
			0.0,
			804.53760011574354,
			0.0,
			959.5,
			464.0,
			1.0
		],
		"width" : 1920
	},
	"version_major" : 1,
	"version_minor" : 0
}