{"train_loss": 1.392610788345337, "val_loss": 1.3686745166778564, "train_depth_loss": 0.25472983717918396, "val_depth_loss": 0.2157701551914215, "train_intersection_loss": 0.5047240853309631, "val_intersection_loss": 0.5021116137504578, "_runtime": 313, "_timestamp": 1645595270, "_step": 13, "train_dfr_loss": 0.6314639449119568, "val_dfr_loss": 0.6485759019851685, "train_cr_loss": 0.0016928327968344092, "val_cr_loss": 0.0022168855648487806, "_wandb": {"runtime": 311}}